{
    "age": 24,
    "region": {
        "x": 266,
        "y": 175,
        "w": 276,
        "h": 276
    },
    "gender": "Man",
    "race": {
        "asian": 3.861667215824127,
        "indian": 1.3183221220970154,
        "black": 0.12407387839630246,
        "white": 58.27720761299133,
        "middle eastern": 15.406228601932526,
        "latino hispanic": 21.012499928474426
    },
    "dominant_race": "white",
    "emotion": {
        "angry": 42.315125465393066,
        "disgust": 2.993636205792427,
        "fear": 18.918296694755554,
        "happy": 0.042149610817432404,
        "sad": 31.889206171035767,
        "surprise": 1.151927374303341,
        "neutral": 2.6896603405475616
    },
    "dominant_emotion": "angry"
}