{
    "age": 36,
    "region": {
        "x": 0,
        "y": 0,
        "w": 480,
        "h": 640
    },
    "gender": "Man",
    "race": {
        "asian": 1.2911055844850046,
        "indian": 1.4939399354386254,
        "black": 0.10921578060800202,
        "white": 82.37807540632193,
        "middle eastern": 6.778122547641104,
        "latino hispanic": 7.949546927159658
    },
    "dominant_race": "white",
    "emotion": {
        "angry": 2.2247813566074433e-17,
        "disgust": 2.5228367921851777e-31,
        "fear": 0.8286125957965851,
        "happy": 1.72745633986518e-11,
        "sad": 0.0005773627435701201,
        "surprise": 7.89100029565169e-16,
        "neutral": 99.17080998420715
    },
    "dominant_emotion": "neutral"
}