{
    "age": 24,
    "region": {
        "x": 232,
        "y": 184,
        "w": 234,
        "h": 234
    },
    "gender": "Man",
    "race": {
        "asian": 1.3812084574227605,
        "indian": 0.062244488143964896,
        "black": 0.007924569690062161,
        "white": 86.56841436436262,
        "middle eastern": 3.7720693661015847,
        "latino hispanic": 8.20813749481067
    },
    "dominant_race": "white",
    "emotion": {
        "angry": 2.3085593690609554,
        "disgust": 0.0002893556201917908,
        "fear": 14.073786978351293,
        "happy": 0.003960127523469889,
        "sad": 81.00477939872619,
        "surprise": 0.0007169670852701118,
        "neutral": 2.6079140295335073
    },
    "dominant_emotion": "sad"
}