{
    "age": 27,
    "region": {
        "x": 0,
        "y": 0,
        "w": 480,
        "h": 640
    },
    "gender": "Man",
    "race": {
        "asian": 0.30193873681128025,
        "indian": 9.175787907267363e-08,
        "black": 3.584177746263073e-09,
        "white": 99.66673254966736,
        "middle eastern": 0.00024000385110412026,
        "latino hispanic": 0.031094643054530025
    },
    "dominant_race": "white",
    "emotion": {
        "angry": 3.298262482103319e-06,
        "disgust": 1.1996276215781227e-09,
        "fear": 12.084154759893105,
        "happy": 0.0005760797537313581,
        "sad": 87.91472243754401,
        "surprise": 8.119525536269499e-08,
        "neutral": 0.0005420544180415876
    },
    "dominant_emotion": "sad"
}