{
    "age": 24,
    "region": {
        "x": 0,
        "y": 0,
        "w": 480,
        "h": 640
    },
    "gender": "Man",
    "race": {
        "asian": 97.92897725951943,
        "indian": 0.0001952265842294411,
        "black": 4.045275063415563e-05,
        "white": 1.8568399942708023,
        "middle eastern": 0.09483995997392118,
        "latino hispanic": 0.11910182401069117
    },
    "dominant_race": "asian",
    "emotion": {
        "angry": 22.08470237759962,
        "disgust": 1.9299835414434722e-05,
        "fear": 77.46913298780518,
        "happy": 3.1726596220536715e-05,
        "sad": 0.44610214284671207,
        "surprise": 1.7050665715890473e-09,
        "neutral": 1.2293462980928225e-05
    },
    "dominant_emotion": "fear"
}