{
    "age": 24,
    "region": {
        "x": 193,
        "y": 193,
        "w": 236,
        "h": 236
    },
    "gender": "Man",
    "race": {
        "asian": 0.9430760517716408,
        "indian": 1.0938898660242558,
        "black": 0.019823630282189697,
        "white": 73.0966866016388,
        "middle eastern": 10.825201123952866,
        "latino hispanic": 14.02132511138916
    },
    "dominant_race": "white",
    "emotion": {
        "angry": 0.046073662815615535,
        "disgust": 1.2212601763206266e-08,
        "fear": 0.9611418470740318,
        "happy": 0.0034099160984624177,
        "sad": 90.26857614517212,
        "surprise": 1.9357686564802634e-07,
        "neutral": 8.720798790454865
    },
    "dominant_emotion": "sad"
}